Tier,Player,Trending,Buy/Sell/Hold,Priority Level,Contender/Rebuild,Player Notes
S++,Josh Allen,,,,,
S++,Drake Maye,,,,,
S++,Jaxon Smith-Njigba,,,,,
S++,Ja'Marr Chase,,,,,
S++,Bijan Robinson,,,,,
S++,Jahmyr Gibbs,,,,,
S++,Puka Nacua,,,,,
S+,Jayden Daniels,,,,,
S+,Malik Nabers,,,,,
S+,Ashton Jeanty,,,,,
S+,Caleb Williams,,,,,
S+,Lamar Jackson,,,,,
S+,Brock Bowers,,,,,
S,Jeremiyah Love,,,,,
S,Trey McBride,,,,,
S,Joe Burrow,,,,,
S,Drake London,,,,,
S,Justin Jefferson,,,,,
S,CeeDee Lamb,,,,,
S,Amon-Ra St. Brown,,,,,
S,Justin Herbert,,,,,
S,Patrick Mahomes,,,,,
S,Tetairoa McMillan,,,,,
S,Coltson Loveland,,,,,
S,Jalen Hurts,,,,,
A+,Omarion Hampton,,,,,
A+,Garrett Wilson,,,,,
A+,Nico Collins,,,,,
A+,Chris Olave,,,,,
A+,De'Von Achane,,,,,
A+,George Pickens,,,,,
A+,Jonathan Taylor,,,,,
A+,Trevor Lawrence,,,,,
A+,Jaxson Dart,,,,,
A+,Luther Burden III,,,,,
A,Jordan Love,,,,,
A,Jordyn Tyson,,,,,
A,Carnell Tate,,,,,
A,James Cook,,,,,
A,Kenneth Walker,,,,,
A,Christian McCaffrey,,,,,
A,Tyler Warren,,,,,
A,Brock Purdy,,,,,
A-,Fernando Mendoza,,,,,
A-,Breece Hall,,,,,
A-,Makai Lemon,,,,,
A-,DeVonta Smith,,,,,
A-,Zay Flowers,,,,,
A-,Tee Higgins,,,,,
A-,A.J. Brown,,,,,
A-,Chase Brown,,,,,
A-,Quinshon Judkins,,,,,
A-,TreVeyon Henderson,,,,,
A-,Rashee Rice,,,,,
A-,Tucker Kraft,,,,,
A-,Emeka Egbuka,,,,,
A-,Bo Nix,,,,,
A-,Dak Prescott,,,,,
A-,Cam Skattebo,,,,,
B+,Ladd McConkey,,,,,
B+,Marvin Harrison Jr.,,,,,
B+,Saquon Barkley,,,,,
B+,Jaylen Waddle,,,,,
B+,KC Concepcion,,,,,
B+,Cam Ward,,,,,
B+,Jameson Williams,,,,,
B+,Brian Thomas Jr.,,,,,
B+,Bucky Irving,,,,,
B+,Sam LaPorta,,,,,
B+,Harold Fannin Jr.,,,,,
B+,Rome Odunze,,,,,
B+,Tyler Shough,,,,,
B+,Jared Goff,,,,,
B+,Baker Mayfield,,,,,
B+,Kyren Williams,,,,,
B+,Josh Jacobs,,,,,
B+,Travis Etienne Jr.,,,,,
B+,Kyler Murray,,,,,
B+,Bhayshul Tuten,,,,,
B+,Jadarian Price,,,,,
B+,Sam Darnold,,,,,
B,Christian Watson,,,,,
B,Kenyon Sadiq,,,,,
B,Jordan Addison,,,,,
B,Javonte Williams,,,,,
B,Derrick Henry,,,,,
B,C.J. Stroud,,,,,
B,Omar Cooper Jr.,,,,,
B,Oronde Gadsden II,,,,,
B,DJ Moore,,,,,
B,Daniel Jones,,,,,
B,Bryce Young,,,,,
B,Ty Simpson,,,,,
B,Malik Willis,,,,,
B,Ricky Pearsall,,,,,
B-,D'Andre Swift,,,,,
B-,David Montgomery,,,,,
B-,Matthew Golden,,,,,
B-,Parker Washington,,,,,
B-,Jayden Reed,,,,,
B-,Josh Downs,,,,,
B-,Kyle Pitts,,,,,
B-,Denzel Boston,,,,,
B-,Travis Hunter,,,,,
B-,RJ Harvey,,,,,
B-,DK Metcalf,,,,,
B-,Davante Adams,,,,,
B-,Mike Evans,,,,,
B-,Matthew Stafford,,,,,
B-,Michael Wilson,,,,,
B-,Jayden Higgins,,,,,
B-,Jonah Coleman,,,,,
B-,George Kittle,,,,,
B-,Rhamondre Stevenson,,,,,
B-,Alec Pierce,,,,,
B-,Xavier Worthy,,,,,
C+,Terry McLaurin,,,,,
C+,Jonathon Brooks,,,,,
C+,Eli Stowers,,,,,
C+,Dalton Kincaid,,,,,
C+,Jalen Coker,,,,,
C+,Jacory Croskey-Merritt,,,,,
C+,Kyle Monangai,,,,,
C+,Jakobi Meyers,,,,,
C+,Chris Godwin,,,,,
C+,Germie Bernard,,,,,
C+,Antonio Williams,,,,,
C+,Michael Pittman Jr.,,,,,
C+,Jake Ferguson,,,,,
C+,Courtland Sutton,,,,,
C+,Jaylen Warren,,,,,
C+,Rico Dowdle,,,,,
C+,Rashid Shaheed,,,,,
C+,Chuba Hubbard,,,,,
C+,Nick Singleton,,,,,
C+,Eli Raridon,,,,,
C,Brenton Strange,,,,,
C,Chris Bell,,,,,
C,Tony Pollard,,,,,
C,Rachaad White,,,,,
C,Khalil Shakir,,,,,
C,Wan'Dale Robinson,,,,,
C,Elijah Sarratt,,,,,
C,Zachariah Branch,,,,,
C,Isaiah Likely,,,,,
C,Brandon Aiyuk,,,,,
C,Jordan Mason,,,,,
C,Mac Jones,,,,,
C,JK Dobbins,,,,,
C,Tyjae Spears,,,,,
C,Romeo Doubs,,,,,
C,Quentin Johnston,,,,,
C,Chig Okonkwo,,,,,
C,Michael Penix,,,,,
C,Tua Tagovailoa,,,,,
C,Max Klare,,,,,
C,Oscar Delp,,,,,
C,Tyrone Tracy Jr.,,,,,
C,Blake Corum,,,,,
C,Tank Dell,,,,,
C,Aaron Jones,,,,,
C,Geno Smith,,,,,
C,J.J. McCarthy,,,,,
C,Aaron Rodgers,,,,,
C,Mark Andrews,,,,,
C,TJ Hockenson,,,,,
C,Juwan Johnson,,,,,
C,Dallas Goedert,,,,,
C,Kenneth Gainwell,,,,,
C,Zach Charbonnet,,,,,
C,Emmett Johnson,,,,,
C,Dylan Sampson,,,,,
C,Chris Rodriguez Jr.,,,,,
C,Chris Brazzell II,,,,,
C,Kaytron Allen,,,,,
C,Gunnar Helm,,,,,
C,Terrance Ferguson,,,,,
C,Carson Beck,,,,,
C,Deebo Samuel,,,,,
C,Jauan Jennings,,,,,
C,Pat Bryant,,,,,
C,Mike Washington Jr.,,,,,
C,Tre Harris,,,,,
C,De'Zhaun Stribling,,,,,
C-,Jack Bech,,,,,
C-,Jalen Nailor,,,,,
C-,Sean Tucker,,,,,
C-,Keaton Mitchell,,,,,
C-,Woody Marks,,,,,
C-,Braelon Allen,,,,,
C-,Ollie Gordon,,,,,
D+,Tyreek Hill,,,,,
D,Ted Hurst,,,,,
D-,Jalen McMillan,,,,,
E+,Justin Joly,,,,,
E,Brenen Thompson,,,,,
E-,Shedeur Sanders,,,,,
F+,Deshaun Watson,,,,,
F,Kaelon Black,,,,,
F-,Jacoby Brissett,,,,,
